threshold,test_success,test_cost,test_route_exact_match,test_action_f1,challenge_success,challenge_cost,challenge_route_exact_match,challenge_action_f1
0.3,1.0,1.7592592592592593,0.7407407407407407,0.9096774193548387,0.7592592592592593,1.5601851851851851,0.5,0.8098591549295774
0.35,1.0,1.7592592592592593,0.7407407407407407,0.9096774193548387,0.7592592592592593,1.5601851851851851,0.5,0.8098591549295774
0.4,1.0,1.7592592592592593,0.7407407407407407,0.9096774193548387,0.7592592592592593,1.5601851851851851,0.5,0.8098591549295774
0.45,1.0,1.7592592592592593,0.7407407407407407,0.9096774193548387,0.7592592592592593,1.5601851851851851,0.5,0.8098591549295774
0.5,1.0,1.7592592592592593,0.7407407407407407,0.9096774193548387,0.7222222222222222,1.5231481481481481,0.46296296296296297,0.7928571428571429
0.55,1.0,1.7592592592592593,0.7407407407407407,0.9096774193548387,0.6944444444444444,1.4953703703703705,0.4351851851851852,0.779783393501805
0.6,1.0,1.5,1.0,1.0,0.6944444444444444,1.4953703703703705,0.4351851851851852,0.779783393501805
0.65,0.9629629629629629,1.4759259259259259,0.9629629629629629,0.9856115107913669,0.6388888888888888,1.1652777777777779,0.6388888888888888,0.8395061728395062
0.7,0.9259259259259259,1.4472222222222222,0.9259259259259259,0.9708029197080292,0.5462962962962963,1.0949074074074074,0.5462962962962963,0.7896995708154507
